Top pages,Clicks,Impressions,CTR,Position
https://konthora.dev.bd/speech-to-text/timestamps,0,79,0%,65.49
https://konthora.dev.bd/audio-to-text,0,67,0%,81.33
https://konthora.dev.bd/formats/mp3-vs-wav,0,31,0%,76.9
https://konthora.dev.bd/text-to-speech/spanish,0,26,0%,76.85
https://konthora.dev.bd/formats/vtt,0,26,0%,83.08
https://konthora.dev.bd/text-to-speech/how-does-text-to-speech-work,0,21,0%,73.86
https://konthora.dev.bd/text-to-speech/italian,0,17,0%,77.65
https://konthora.dev.bd/text-to-speech/french?voice=ff_siwis,0,17,0%,78.71
https://konthora.dev.bd/speech-to-text/how-to-transcribe-audio,0,12,0%,76
https://konthora.dev.bd/formats/srt,0,12,0%,84.67
https://konthora.dev.bd/voices/american-english-voices,0,11,0%,77.64
https://konthora.dev.bd/transcribe-voice-memo,0,11,0%,79.09
https://konthora.dev.bd/speech-to-text/audio-transcription-accuracy,0,11,0%,93.91
https://konthora.dev.bd/text-to-speech/portuguese,0,10,0%,76.8
https://konthora.dev.bd/formats/json,0,4,0%,62.75
https://konthora.dev.bd/transcribe-webinar,0,4,0%,91
https://konthora.dev.bd/entity/whisper,0,3,0%,54.33
https://konthora.dev.bd/transcribe-meeting,0,3,0%,79.67
https://konthora.dev.bd/mp3-to-text,0,2,0%,95.5
https://konthora.dev.bd/text-to-speech-for-presentations,0,1,0%,16
https://konthora.dev.bd/speech-to-text,0,1,0%,75
https://konthora.dev.bd/text-to-mp3,0,1,0%,78
https://konthora.dev.bd/video-to-text,0,1,0%,92